Suite/Test/Step Name,Browser,Description,Tag,Start time,End time,Duration,Status
FaceBook_Login_001,,,,05-03-2024 17:48:10,05-03-2024 17:48:12,2.380s,ERROR
,,,,,,,
Test Cases/TC_FaceBook_Login_001,,,,05-03-2024 17:48:10,05-03-2024 17:48:12,1.995s,ERROR
Start listener action : sampleBeforeTestCase,,,,05-03-2024 17:48:10,05-03-2024 17:48:10,0.022s,PASSED
Start setup action : setupTestCase,,,,05-03-2024 17:48:10,05-03-2024 17:48:12,1.767s,ERROR
Start listener action : sampleAfterTestCase,,,,05-03-2024 17:48:12,05-03-2024 17:48:12,0.008s,PASSED
